Country,current_gdpAruba,Afghanistan,1980.516177Angola,6388.960022Albania,12020.69073Andorra,Arab World,16922.1043United Arab Emirates,73878.46766Argentina,20786.67933Armenia,9647.486113American Samoa,Antigua and Barbuda,23593.93283Australia,48460.04928Austria,52397.75435Azerbaijan,17398.16356Burundi,770.9413743Belgium,47840.19714Benin,2266.231602Burkina Faso,1869.758161Bangladesh,3868.822303Bulgaria,20329.34361Bahrain,47526.90428"Bahamas, The",30430.16948Bosnia and Herzegovina,12875.9691Belarus,18847.93389Belize,8590.013256Bermuda,Bolivia,7559.639404Brazil,15483.54083Barbados,18639.45174Brunei Darussalam,78836.12468Bhutan,9560.774453Botswana,17354.19971Central African Republic,725.9454195Canada,46704.89472Central Europe and the Baltics,28680.93919Switzerland,64712.1275Channel Islands,Chile,24634.97021China,16806.74186Cote d'Ivoire,3953.381325Cameroon,3694.199953"Congo, Dem. Rep.",887.2128626"Congo, Rep.",5359.074336Colombia,14552.00856Comoros,1552.24585Cabo Verde,6831.460461Costa Rica,17044.18856Caribbean small states,15761.21089Cuba,Curacao,Cayman Islands,Cyprus,34503.47033Czech Republic,36327.25234Germany,50638.89096Djibouti,Dominica,10619.95158Denmark,51364.1447Dominican Republic,16029.62371Algeria,15275.37422East Asia & Pacific (excluding high income),14904.79815Early-demographic dividend,9669.166679East Asia & Pacific,18139.9479Europe & Central Asia (excluding high income),20496.26979Europe & Central Asia,32616.62361Ecuador,11617.42885"Egypt, Arab Rep.",11582.594Euro area,43637.10905Eritrea,Spain,37997.85234Estonia,31742.03187Ethiopia,1899.208126European Union,41125.60181Fragile and conflict affected situations,4394.369391Finland,44865.84091Fiji,9554.602534France,42850.38628Faroe Islands,"Micronesia, Fed. Sts.",3622.331967Gabon,18183.12368United Kingdom,43268.78356Georgia,10698.68087Ghana,4641.323379Gibraltar,Guinea,2194.530036"Gambia, The",1714.5931Guinea-Bissau,1700.219832Equatorial Guinea,24816.86684Greece,27601.90492Grenada,14924.10194Greenland,Guatemala,8150.262204Guam,Guyana,8162.60154High income,47304.58123"Hong Kong SAR, China",61540.15831Honduras,4986.23136Heavily indebted poor countries (HIPC),2379.851947Croatia,25264.43818Haiti,1814.943236Hungary,28107.8918IBRD only,13739.62968IDA & IBRD total,11203.63426IDA total,3774.646407IDA blend,5363.868181Indonesia,12283.61543IDA only,2974.771794Isle of Man,India,7055.55483Ireland,75648.23285"Iran, Islamic Rep.",20949.944Iraq,17196.78104Iceland,53152.69889Israel,38261.67512Italy,39426.9408Jamaica,8995.350211Jordan,9153.35242Japan,43278.98933Kazakhstan,26409.54118Kenya,3285.910409Kyrgyz Republic,3725.541023Cambodia,4001.756778Kiribati,2174.994973St. Kitts and Nevis,27066.93338"Korea, Rep.",38335.27048Kuwait,71943.00888Latin America & Caribbean (excluding high income),14761.09392Lao PDR,7023.371679Lebanon,14675.64435Liberia,826.4516826Libya,19631.29944St. Lucia,14219.23744Latin America & Caribbean,15776.93536Liechtenstein,Sri Lanka,12810.95091Lesotho,3130.151508Late-demographic dividend,17783.74277Lithuania,32092.49739Luxembourg,103744.7598Latvia,27598.32909"Macao SAR, China",115123.0782St. Martin ,Morocco,8217.456796Monaco,Moldova,5697.834883Madagascar,1555.044799Maldives,16669.40493Middle East & North Africa,19893.57243Mexico,18258.09621Marshall Islands,4192.929073"Macedonia, FYR",15231.3326Mali,2211.415206Malta,39534.92022Myanmar,6138.761026Middle East & North Africa (excluding high income),13567.35135Montenegro,18765.1058Mongolia,12999.5288Northern Mariana Islands,Mozambique,1247.275563Mauritania,3949.677854Mauritius,22278.48548Malawi,1202.197126Malaysia,29431.46945North America,58232.88143Namibia,10475.51927New Caledonia,Niger,1016.613626Nigeria,5860.84706Nicaragua,5842.171881Netherlands,52503.26827Norway,61414.28137Nepal,2681.843838Nauru,14157.53321New Zealand,41109.00768Oman,41675.34375Other small states,25772.66432Pakistan,5527.377674Panama,24445.97147Peru,13434.1256Philippines,8342.804479Palau,14536.04091Papua New Guinea,4197.311358Poland,29026.16642Puerto Rico,Portugal,31672.71309Paraguay,9690.774655West Bank and Gaza,4885.341879Pacific island small states,5940.713352Post-demographic dividend,46381.52519French Polynesia,Qatar,128378.3008Romania,25840.83637Russian Federation,25532.99535Rwanda,2035.654068South Asia,6493.77259Saudi Arabia,53844.73624Sudan,4903.575522Senegal,2712.337455Singapore,93905.42416Solomon Islands,2421.783202Sierra Leone,1526.347711El Salvador,8006.059219San Marino,62425.63293Somalia,Serbia,15090.02691Sub-Saharan Africa (excluding high income),3803.695537South Sudan,Sub-Saharan Africa,3805.968033Small states,22772.98783Sao Tome and Principe,3351.436191Suriname,15114.29604Slovak Republic,31616.48013Slovenia,34868.21428Sweden,50208.16476Eswatini,8496.269754Sint Maarten (Dutch part),Seychelles,28963.91868Syrian Arab Republic,Turks and Caicos Islands,Chad,1941.175568East Asia & Pacific (IDA & IBRD countries),15062.24171Europe & Central Asia (IDA & IBRD countries),21247.07003Togo,1569.727419Thailand,17870.5181Tajikistan,3180.389446Turkmenistan,17992.7666Latin America & the Caribbean (IDA & IBRD countries),15681.46499Timor-Leste,7213.017073Middle East & North Africa (IDA & IBRD countries),13677.21456Tonga,5956.543211South Asia (IDA & IBRD),6493.77259Sub-Saharan Africa (IDA & IBRD countries),3805.968033Trinidad and Tobago,31577.67299Tunisia,11910.95234Turkey,26504.93593Tuvalu,3924.944604Tanzania,2945.877987Uganda,1863.835106Ukraine,8666.896534Upper middle income,17774.39517Uruguay,22562.46183United States,59531.66196Uzbekistan,6864.999587St. Vincent and the Grenadines,11776.84795Vietnam,6775.832191Vanuatu,3207.831231World,16940.79202Samoa,6610.795239Kosovo,10754.40217South Africa,13497.9878Zambia,4050.261432Zimbabwe,2085.676925