Country,current_gdp,SciName,i_right,turf,SpeciesCatArgentina,20786.67933,Macruronus magellanicus,1,0,32Argentina,20786.67933,Merluccius hubbsi,1,0,32Argentina,20786.67933,Micromesistius australis,1,0,32Australia,48460.04928,Centroberyx gerrardi,1,0,34Australia,48460.04928,Chrysophrys auratus,1,0,33Australia,48460.04928,Dissostichus eleginoides,1,0,34Australia,48460.04928,Genypterus blacodes,1,0,34Australia,48460.04928,Hoplostethus atlanticus,1,0,34Australia,48460.04928,Jasus edwardsii,1,0,43Australia,48460.04928,Macruronus novaezelandiae,1,0,32Australia,48460.04928,Metapenaeus endeavours,0,1,45Australia,48460.04928,Nemadactylus macropterus,1,0,34Australia,48460.04928,Neoplatycephalus richardsoni,1,0,33Australia,48460.04928,Penaeus esculentus,0,1,45Australia,48460.04928,Penaeus latisulcatus,0,1,45Australia,48460.04928,Penaeus merguiensis,0,1,45Australia,48460.04928,Platycephalus conatus,1,0,33Australia,48460.04928,Pseudocarcinus gigas,1,0,42Australia,48460.04928,Rexea solandri,1,0,34Australia,48460.04928,Seriolella brama,1,0,34Australia,48460.04928,Seriolella punctata,1,0,34Australia,48460.04928,Sillago flindersi,1,0,33Australia,48460.04928,Trachypenaeus sp,0,1,45Belize,8590.013256,Panulirus argus,0,1,43Belize,8590.013256,Panulirus spp,0,1,43Canada,46704.89472,Chionoecetes opilio,0,1,42Canada,46704.89472,Sebastes pinniger,1,0,34Chile,24634.97021,Adelomelon ancilla,0,1,58Chile,24634.97021,Argobuccinum argus,0,1,52Chile,24634.97021,Argobuccinum spp,0,1,52Chile,24634.97021,Argopecten purpuratus,0,1,55Chile,24634.97021,Athyionidium chilensis,0,1,77Chile,24634.97021,Aulacomya ater,0,1,54Chile,24634.97021,Austromegabalanus psittacus,0,1,47Chile,24634.97021,Brama australis,0,1,37Chile,24634.97021,Calyptraea trochiformis,0,1,58Chile,24634.97021,Cancer coronatus,0,1,42Chile,24634.97021,Cancer setosus,0,1,42Chile,24634.97021,Chlamys vitrea,0,1,55Chile,24634.97021,Chondracanthus chamissoi,0,1,92Chile,24634.97021,Choromytilus chorus,0,1,54Chile,24634.97021,Chorus giganteus,0,1,52Chile,24634.97021,Concholepas concholepas,0,1,52Chile,24634.97021,Ensis macha,0,1,56Chile,24634.97021,Enteroctopus megalocyathus,0,1,57Chile,24634.97021,Fissurella bridgesii,0,1,58Chile,24634.97021,Fissurella costata,0,1,58Chile,24634.97021,Fissurella cumingi,0,1,58Chile,24634.97021,Fissurella latimarginata,0,1,58Chile,24634.97021,Fissurella maxima,0,1,58Chile,24634.97021,Fissurella nigra,0,1,58Chile,24634.97021,Fissurella picta,0,1,58Chile,24634.97021,Fissurella pulchra,0,1,58Chile,24634.97021,Fissurella spp,0,1,58Chile,24634.97021,Gari solida,0,1,56Chile,24634.97021,Gigartina skottsbergii,0,1,92Chile,24634.97021,Gracilaria chilensis,0,1,92Chile,24634.97021,Haliotis rufescens,0,1,52Chile,24634.97021,Homalaspis plana,0,1,42Chile,24634.97021,Lithodes antarctica,0,1,42Chile,24634.97021,Loxechinus albus,0,1,76Chile,24634.97021,Macrocystis integrifolia,0,1,91Chile,24634.97021,Mesodesma donacium,0,1,56Chile,24634.97021,Mulinia edulis,0,1,56Chile,24634.97021,Mulinia spp,0,1,56Chile,24634.97021,Mytilus chilensis,0,1,54Chile,24634.97021,Normanichthys crockeri,0,1,33Chile,24634.97021,Octopus mimus,0,1,57Chile,24634.97021,Odontocymbiola magallanica,0,1,58Chile,24634.97021,Opisthonema oglinum,0,1,35Chile,24634.97021,Paralomis granulosa,0,1,44Chile,24634.97021,Pattalus mollis,0,1,77Chile,24634.97021,Pecten maximus,0,1,55Chile,24634.97021,Perna perna,0,1,54Chile,24634.97021,Protothaca thaca,0,1,56Chile,24634.97021,Pyura chilensis,0,1,74Chile,24634.97021,Sarcothalia crispata,0,1,92Chile,24634.97021,Scomber japonicus,0,1,37Chile,24634.97021,Sea squirt,0,1,74Chile,24634.97021,Semele solida,0,1,56Chile,24634.97021,Sepia bertheloti,0,1,57Chile,24634.97021,Sprattus fuegensis,0,1,35Chile,24634.97021,Tagelus dombeii,0,1,56Chile,24634.97021,Tegula atra,0,1,58Chile,24634.97021,Thais chocolata,0,1,52Chile,24634.97021,Trophon spp,0,1,58Chile,24634.97021,Venus antiqua,0,1,56Chile,24634.97021,Xanthochorus cassidiformis,0,1,58Ecuador,11617.42885,Anadara similis,0,1,56Ecuador,11617.42885,Anadara tuberculos,0,1,56Spain,37997.85234,Maja squinado,0,1,42Spain,37997.85234,Necora puber,0,1,42Spain,37997.85234,Octopus vulgaris,0,1,57Spain,37997.85234,Palaemon serratus,0,1,45Spain,37997.85234,Paracentrotus lividus,0,1,76Spain,37997.85234,Pollicipes pollicipes,0,1,47Fiji,9554.602534,Anadara antiquat,0,1,56Fiji,9554.602534,Cypraea tigris,0,1,58Fiji,9554.602534,Holothurian,0,1,58Fiji,9554.602534,Lambis lambis,0,1,52Fiji,9554.602534,Lenthrinus harak,0,1,33Fiji,9554.602534,Lethrinus atsinkoni,0,1,33Fiji,9554.602534,Penaeus indicus,0,1,45Fiji,9554.602534,Tripneustes gratilla,0,1,76France,42850.38628,Conger conger,0,1,34France,42850.38628,Dentex dentex,0,1,33France,42850.38628,Dicentrarchus labrax,0,1,33France,42850.38628,Diplodus spp,0,1,33France,42850.38628,Merluccius merluccius,0,1,32France,42850.38628,Mugilidae spp.,0,1,33France,42850.38628,Mullus barbatus,0,1,33France,42850.38628,Mullus surmuletus,0,1,33France,42850.38628,Pagellus spp,0,1,33France,42850.38628,Pagrus pagrus,0,1,33France,42850.38628,Palinurus elephas,0,1,43France,42850.38628,Sarpa salpa,0,1,33France,42850.38628,Scorpaena notata,0,1,34France,42850.38628,Scorpaena porcus,0,1,34France,42850.38628,Scorpaena scrofa,0,1,34France,42850.38628,Scorpaena spp,0,1,34France,42850.38628,Sepia officinalis,0,1,57France,42850.38628,Serranus cabrilla,0,1,33France,42850.38628,Serranus scriba,0,1,33France,42850.38628,Serranus spp.,0,1,33France,42850.38628,Solea aegyptiaca,0,1,31France,42850.38628,Solea solea,0,1,31France,42850.38628,Sparus aurata,0,1,33France,42850.38628,Spondyliosoma cantharus,0,1,33France,42850.38628,Symphodus spp,0,1,33France,42850.38628,Trachinus spp.,0,1,33France,42850.38628,Uranoscopus scaber,0,1,34United Kingdom,43268.78356,Crassostrea gigas,0,1,53United Kingdom,43268.78356,Mytilus edulis,0,1,54United Kingdom,43268.78356,Ostrea edulis,0,1,53United Kingdom,43268.78356,Oyster spp,0,1,53United Kingdom,43268.78356,Scallop spp,0,1,55Greece,27601.90492,Anguilla anguilla,0,1,22Greece,27601.90492,Dicentrarchus labrax,0,1,33Greece,27601.90492,Liza aurata,0,1,33Greece,27601.90492,Liza ramada,0,1,33Greece,27601.90492,Liza saliens,0,1,33Greece,27601.90492,Mugil cephalus,0,1,33Greece,27601.90492,Sparus aurata,0,1,33India,7055.55483,Metapenaeus dobsoni,0,1,45India,7055.55483,Metapenaeus monoceros,0,1,45India,7055.55483,Penaeus indicus,0,1,45India,7055.55483,Penaeus indicus,0,1,45India,7055.55483,Penaeus monodon,0,1,45Italy,39426.9408,Callista chione,0,1,56Italy,39426.9408,Chamelea gallina,0,1,56Italy,39426.9408,Donax trunculus,0,1,56Italy,39426.9408,Ensis minor,0,1,57Italy,39426.9408,Tapes decussatus,0,1,56Italy,39426.9408,Venerupis aurea,0,1,56Italy,39426.9408,Venus verrucosa,0,1,56Japan,43278.98933,Ammodytes personatus,0,1,33Japan,43278.98933,Arctoscopus japonicus,0,1,34Japan,43278.98933,Chionoecetes japonicus,0,1,42Japan,43278.98933,Clam spp,0,1,56Japan,43278.98933,Cololabis saira,0,1,37Japan,43278.98933,Haliotis discus,0,1,52Japan,43278.98933,Haliotis ruber,0,1,52Japan,43278.98933,Haliotis spp,0,1,52Japan,43278.98933,Meretrix lusoria,0,1,56Japan,43278.98933,Pseudocardium sachalinense,0,1,56Japan,43278.98933,Sandeel,0,1,33Japan,43278.98933,Sardinops melanostictus,0,1,35Japan,43278.98933,Scomber japonicus,0,1,37Japan,43278.98933,Sea cucumbers,0,1,77Japan,43278.98933,Sergia lucens,0,1,45Japan,43278.98933,Seriola quinqueradiata,0,1,37Japan,43278.98933,Theragra chalcogramma,0,1,32Japan,43278.98933,Todarodes pacificus,0,1,57Japan,43278.98933,Trachurus japonicus,0,1,37Sri Lanka,12810.95091,Metapenaeus dobsoni,0,1,45Sri Lanka,12810.95091,Metapenaeus moyebi,0,1,45Sri Lanka,12810.95091,Penaeus indicus,0,1,45Sri Lanka,12810.95091,Penaeus semisulcatus,0,1,45Mexico,18258.09621,Astraea turbanica,0,1,58Mexico,18258.09621,Astraea undosa,0,1,58Mexico,18258.09621,Atrina tuberculosa,0,1,55Mexico,18258.09621,Balistes polylepis,0,1,33Mexico,18258.09621,Callinectes bellicosus,0,1,42Mexico,18258.09621,Haliotis corrugata,0,1,52Mexico,18258.09621,Haliotis fulgens,0,1,52Mexico,18258.09621,Mycteroperca rosacea,0,1,33Mexico,18258.09621,Panopea globosa,0,1,58Mexico,18258.09621,Panulirus argus,0,1,43Mexico,18258.09621,Panulirus interruptus,0,1,43Mexico,18258.09621,Paralabrax maculatofasciatus_,0,1,33Mexico,18258.09621,Pinna rugosa,0,1,55Mexico,18258.09621,Spondylus calcifer,0,1,53Netherlands,52503.26827,Anchovies spp,0,1,35Netherlands,52503.26827,Clam spp,0,1,56Netherlands,52503.26827,Japanese oysters,0,1,53Netherlands,52503.26827,Mackerel,0,1,37Netherlands,52503.26827,Mullet spp,0,1,33Netherlands,52503.26827,Razor clams,0,1,56Netherlands,52503.26827,Sea bass spp,0,1,33Netherlands,52503.26827,Smelt spp,0,1,33Netherlands,52503.26827,Sprat spp,0,1,33New Zealand,41109.00768,Allocyttus niger,1,0,34New Zealand,41109.00768,Chrysophrys auratus,1,0,33New Zealand,41109.00768,Epigonus telescopus,1,0,34New Zealand,41109.00768,Genypterus blacodes,1,0,34New Zealand,41109.00768,Hyperoglyphe antarctica,1,0,34New Zealand,41109.00768,Jasus edwardsii,1,0,43New Zealand,41109.00768,Kathetostoma giganteum,1,0,34New Zealand,41109.00768,Nemadactylus macropterus,1,0,34New Zealand,41109.00768,Pseudocyttus maculatus,1,0,34New Zealand,41109.00768,Rexea solandri,1,0,34Peru,13434.1256,Engraulis ringens,1,0,35Philippines,8342.804479,Anodontostoma chacunda,0,1,24Philippines,8342.804479,Atherinidae,0,1,37Philippines,8342.804479,Centropomidae,0,1,33Philippines,8342.804479,Latidae,0,1,13Philippines,8342.804479,Lutjanid spp,0,1,33Philippines,8342.804479,Pomacentridae,0,1,33Philippines,8342.804479,Serranid spp,0,1,33Sweden,50208.16476,Pandalus borealis,0,1,45United States,59531.66196,Anoplopoma fimbria,1,0,34United States,59531.66196,Callinectes sapidus,0,1,42United States,59531.66196,Chionoecetes bairdi,1,0,42United States,59531.66196,Chionoecetes opilio,1,0,42United States,59531.66196,Clam spp,0,1,56United States,59531.66196,Eopsetta jordani,1,0,31United States,59531.66196,Epinephelus flavolimbatus,1,0,33United States,59531.66196,Epinephelus morio,1,0,33United States,59531.66196,Gadus macrocephalus,1,0,32United States,59531.66196,Hippoglossoides elassodon,1,0,31United States,59531.66196,Lepidopsetta polyxystra,1,0,31United States,59531.66196,Limanda aspera,1,0,31United States,59531.66196,Lopholatilus chamaeleonticeps,1,0,34United States,59531.66196,Metacarcinus magister,0,1,42United States,59531.66196,Microstomus pacificus,1,0,31United States,59531.66196,Mycteroperca bonaci,1,0,33United States,59531.66196,Mycteroperca microlepis,1,0,33United States,59531.66196,Oncorhynchus gorbuscha,0,1,23United States,59531.66196,Oncorhynchus keta,0,1,23United States,59531.66196,Oncorhynchus kisutch,0,1,23United States,59531.66196,Oncorhynchus mykiss,0,1,23United States,59531.66196,Oncorhynchus nerka,0,1,23United States,59531.66196,Oncorhynchus tshawytscha,0,1,23United States,59531.66196,Ophiodon elongatus,1,0,33United States,59531.66196,Oyster spp,0,1,53United States,59531.66196,Panopea generosa,0,1,56United States,59531.66196,Paralichthys dentatus,1,0,31United States,59531.66196,Paralithodes camtschaticus,1,0,44United States,59531.66196,Parophrys vetulus,1,0,31United States,59531.66196,Platichthys stellatus,1,0,31United States,59531.66196,Pleurogrammus monopterygius,1,0,33United States,59531.66196,Reinhardtius stomias,1,0,31United States,59531.66196,Sebastes alutus,1,0,34United States,59531.66196,Sebastes chlorostictus,1,0,34United States,59531.66196,Sebastes crameri,1,0,34United States,59531.66196,Sebastes diploproa,1,0,34United States,59531.66196,Sebastes elongatus,1,0,34United States,59531.66196,Sebastes entomelas,1,0,34United States,59531.66196,Sebastes flavidus,1,0,34United States,59531.66196,Sebastes goodei,1,0,34United States,59531.66196,Sebastes jordani,1,0,34United States,59531.66196,Sebastes levis,1,0,34United States,59531.66196,Sebastes melanostomus,1,0,34United States,59531.66196,Sebastes paucispinis,1,0,34United States,59531.66196,Sebastes pinniger,1,0,34United States,59531.66196,Sebastes ruberrimus,1,0,34United States,59531.66196,Sebastes rufus,1,0,34United States,59531.66196,Sebastolobus alascanus,1,0,34United States,59531.66196,Sebastolobus altivelis,1,0,34United States,59531.66196,Spisula solidissima,1,0,56Vietnam,6775.832191,Gerres filamentosus,0,1,33Vietnam,6775.832191,Glossogobius giuris,0,1,13Vietnam,6775.832191,Meretrix lyrata,0,1,56Vietnam,6775.832191,Metapenaeus ensis,0,1,45Vietnam,6775.832191,Penaeus monodon,0,1,45Vietnam,6775.832191,Penaeus semisulcatus,0,1,45Vietnam,6775.832191,Portunus pelagicus,0,1,42Vietnam,6775.832191,Portunus sanguinolentus,0,1,42Vietnam,6775.832191,Scylla serrata,0,1,42Vietnam,6775.832191,Siganus spp,0,1,33Vietnam,6775.832191,Terapon theraps,0,1,33Vanuatu,3207.831231,Birgus latro,0,1,44Vanuatu,3207.831231,Clam spp,0,1,56Vanuatu,3207.831231,Octopus spp,0,1,57Vanuatu,3207.831231,Papustyla pulcherrima,0,1,58Vanuatu,3207.831231,Reef fish,0,1,33Vanuatu,3207.831231,Sea cucumber,0,1,77Vanuatu,3207.831231,Shellfish spp,0,1,58Vanuatu,3207.831231,Trochus spp,0,1,58South Africa,13497.9878,Trachurus capensis,1,0,37